[{"model": "contenttypes.contenttype", "pk": 1, "fields": {"app_label": "admin", "model": "logentry"}}, {"model": "contenttypes.contenttype", "pk": 2, "fields": {"app_label": "auth", "model": "permission"}}, {"model": "contenttypes.contenttype", "pk": 3, "fields": {"app_label": "auth", "model": "group"}}, {"model": "contenttypes.contenttype", "pk": 4, "fields": {"app_label": "auth", "model": "user"}}, {"model": "contenttypes.contenttype", "pk": 5, "fields": {"app_label": "contenttypes", "model": "contenttype"}}, {"model": "contenttypes.contenttype", "pk": 6, "fields": {"app_label": "sessions", "model": "session"}}, {"model": "contenttypes.contenttype", "pk": 7, "fields": {"app_label": "blog", "model": "blogtype"}}, {"model": "contenttypes.contenttype", "pk": 8, "fields": {"app_label": "blog", "model": "blog"}}, {"model": "contenttypes.contenttype", "pk": 9, "fields": {"app_label": "read_statistics", "model": "readnum"}}, {"model": "contenttypes.contenttype", "pk": 10, "fields": {"app_label": "read_statistics", "model": "readdetail"}}, {"model": "contenttypes.contenttype", "pk": 11, "fields": {"app_label": "comment", "model": "comment"}}, {"model": "contenttypes.contenttype", "pk": 12, "fields": {"app_label": "likes", "model": "likecount"}}, {"model": "contenttypes.contenttype", "pk": 13, "fields": {"app_label": "likes", "model": "likerecord"}}, {"model": "contenttypes.contenttype", "pk": 14, "fields": {"app_label": "user", "model": "profile"}}, {"model": "sessions.session", "pk": "1cj0yil3b12jae7ll2wnnbg5t7kz956h", "fields": {"session_data": "YjAyODJlZjY1Mjc1NGFjNmU3YTc2MGZlNDNiOGI2YjI3NGYxMWFiNzp7Il9hdXRoX3VzZXJfaWQiOiIxIiwiX2F1dGhfdXNlcl9iYWNrZW5kIjoiZGphbmdvLmNvbnRyaWIuYXV0aC5iYWNrZW5kcy5Nb2RlbEJhY2tlbmQiLCJfYXV0aF91c2VyX2hhc2giOiI2ZDBkMWQ0NzMxZmRhOTAzOGY1YWZlZjFjZGMzZTlhMWM3MDgzN2M4Iiwic2VuZF9jb2RlX3RpbWUiOjE1OTAzMDU5Mzh9", "expire_date": "2020-06-07T07:39:19.560Z"}}, {"model": "sessions.session", "pk": "3cbxrave7fe3j1wq3yvygzieqp96mec6", "fields": {"session_data": "OWJkMWMyNzEwMDA2ZWFlNmY4ODk3NTZkZTJiYWEwZmEyMzcxYTU4ZTp7InNlbmRfY29kZV90aW1lIjoxNTkwMjM3Mzg2LCJfYXV0aF91c2VyX2lkIjoiMSIsIl9hdXRoX3VzZXJfYmFja2VuZCI6ImRqYW5nby5jb250cmliLmF1dGguYmFja2VuZHMuTW9kZWxCYWNrZW5kIiwiX2F1dGhfdXNlcl9oYXNoIjoiNmQwZDFkNDczMWZkYTkwMzhmNWFmZWYxY2RjM2U5YTFjNzA4MzdjOCJ9", "expire_date": "2020-06-06T12:36:48.540Z"}}, {"model": "sessions.session", "pk": "45zw1hibi9jxo3rl3yp1q612ldonf3tk", "fields": {"session_data": "YzU4MDFhYjliYjY3ZWY4NTE3MGIzMTlkOGU2YjM5YTRjY2M3MmZjZTp7Il9hdXRoX3VzZXJfaWQiOiIxIiwiX2F1dGhfdXNlcl9iYWNrZW5kIjoiZGphbmdvLmNvbnRyaWIuYXV0aC5iYWNrZW5kcy5Nb2RlbEJhY2tlbmQiLCJfYXV0aF91c2VyX2hhc2giOiI2ZDBkMWQ0NzMxZmRhOTAzOGY1YWZlZjFjZGMzZTlhMWM3MDgzN2M4In0=", "expire_date": "2020-06-09T08:48:47.094Z"}}, {"model": "sessions.session", "pk": "s7aqo6h9okwqnbcl4p1kr8u1lzudqtdv", "fields": {"session_data": "OWI1MGEwMGRiMDJjZDI4ODgwZTdkZWFjNzM3MGQ0ZDhkOGM0ZTBjYjp7Il9hdXRoX3VzZXJfaWQiOiIxIiwiX2F1dGhfdXNlcl9iYWNrZW5kIjoiZGphbmdvLmNvbnRyaWIuYXV0aC5iYWNrZW5kcy5Nb2RlbEJhY2tlbmQiLCJfYXV0aF91c2VyX2hhc2giOiI2ZDBkMWQ0NzMxZmRhOTAzOGY1YWZlZjFjZGMzZTlhMWM3MDgzN2M4Iiwic2VuZF9jb2RlX3RpbWUiOjE1OTAyOTA4NTB9", "expire_date": "2020-06-07T03:28:26.687Z"}}, {"model": "blog.blogtype", "pk": 1, "fields": {"type_name": "Django"}}, {"model": "blog.blogtype", "pk": 2, "fields": {"type_name": "\u968f\u7b14"}}, {"model": "blog.blogtype", "pk": 3, "fields": {"type_name": "\u611f\u609f"}}, {"model": "read_statistics.readnum", "pk": 1, "fields": {"read_num": 9, "content_type": 8, "object_id": 6}}, {"model": "read_statistics.readnum", "pk": 2, "fields": {"read_num": 4, "content_type": 8, "object_id": 5}}, {"model": "read_statistics.readnum", "pk": 3, "fields": {"read_num": 2, "content_type": 8, "object_id": 4}}, {"model": "read_statistics.readdetail", "pk": 1, "fields": {"date": "2020-05-14", "read_num": 1, "content_type": 8, "object_id": 6}}, {"model": "read_statistics.readdetail", "pk": 2, "fields": {"date": "2020-05-14", "read_num": 1, "content_type": 8, "object_id": 5}}, {"model": "read_statistics.readdetail", "pk": 3, "fields": {"date": "2020-05-16", "read_num": 1, "content_type": 8, "object_id": 6}}, {"model": "read_statistics.readdetail", "pk": 4, "fields": {"date": "2020-05-16", "read_num": 1, "content_type": 8, "object_id": 5}}, {"model": "read_statistics.readdetail", "pk": 5, "fields": {"date": "2020-05-17", "read_num": 2, "content_type": 8, "object_id": 6}}, {"model": "read_statistics.readdetail", "pk": 6, "fields": {"date": "2020-05-18", "read_num": 1, "content_type": 8, "object_id": 6}}, {"model": "read_statistics.readdetail", "pk": 7, "fields": {"date": "2020-05-19", "read_num": 1, "content_type": 8, "object_id": 6}}, {"model": "read_statistics.readdetail", "pk": 8, "fields": {"date": "2020-05-24", "read_num": 2, "content_type": 8, "object_id": 6}}, {"model": "read_statistics.readdetail", "pk": 9, "fields": {"date": "2020-05-24", "read_num": 2, "content_type": 8, "object_id": 5}}, {"model": "read_statistics.readdetail", "pk": 10, "fields": {"date": "2020-05-24", "read_num": 1, "content_type": 8, "object_id": 4}}, {"model": "read_statistics.readdetail", "pk": 11, "fields": {"date": "2020-05-26", "read_num": 1, "content_type": 8, "object_id": 4}}, {"model": "read_statistics.readdetail", "pk": 12, "fields": {"date": "2020-06-04", "read_num": 1, "content_type": 8, "object_id": 6}}, {"model": "likes.likecount", "pk": 1, "fields": {"content_type": 8, "object_id": 6, "liked_num": 1}}, {"model": "likes.likecount", "pk": 2, "fields": {"content_type": 8, "object_id": 5, "liked_num": 0}}, {"model": "likes.likecount", "pk": 3, "fields": {"content_type": 8, "object_id": 4, "liked_num": 1}}, {"model": "likes.likecount", "pk": 4, "fields": {"content_type": 11, "object_id": 10, "liked_num": 0}}, {"model": "likes.likecount", "pk": 5, "fields": {"content_type": 11, "object_id": 9, "liked_num": 1}}, {"model": "likes.likecount", "pk": 6, "fields": {"content_type": 11, "object_id": 5, "liked_num": 1}}, {"model": "likes.likecount", "pk": 7, "fields": {"content_type": 11, "object_id": 6, "liked_num": 1}}, {"model": "likes.likecount", "pk": 8, "fields": {"content_type": 11, "object_id": 7, "liked_num": 0}}, {"model": "likes.likecount", "pk": 9, "fields": {"content_type": 11, "object_id": 8, "liked_num": 0}}, {"model": "likes.likecount", "pk": 10, "fields": {"content_type": 11, "object_id": 3, "liked_num": 0}}, {"model": "likes.likecount", "pk": 11, "fields": {"content_type": 11, "object_id": 4, "liked_num": 0}}, {"model": "likes.likecount", "pk": 12, "fields": {"content_type": 11, "object_id": 1, "liked_num": 0}}, {"model": "likes.likecount", "pk": 13, "fields": {"content_type": 11, "object_id": 2, "liked_num": 0}}, {"model": "likes.likecount", "pk": 14, "fields": {"content_type": 11, "object_id": 11, "liked_num": 1}}, {"model": "likes.likecount", "pk": 15, "fields": {"content_type": 11, "object_id": 12, "liked_num": 1}}, {"model": "likes.likecount", "pk": 16, "fields": {"content_type": 11, "object_id": 13, "liked_num": 1}}, {"model": "likes.likecount", "pk": 17, "fields": {"content_type": 11, "object_id": 14, "liked_num": 0}}, {"model": "likes.likecount", "pk": 18, "fields": {"content_type": 11, "object_id": 17, "liked_num": 1}}, {"model": "likes.likecount", "pk": 19, "fields": {"content_type": 11, "object_id": 18, "liked_num": 1}}, {"model": "likes.likecount", "pk": 20, "fields": {"content_type": 11, "object_id": 19, "liked_num": 0}}, {"model": "likes.likecount", "pk": 21, "fields": {"content_type": 11, "object_id": 20, "liked_num": 0}}, {"model": "likes.likecount", "pk": 22, "fields": {"content_type": 11, "object_id": 21, "liked_num": 1}}, {"model": "likes.likecount", "pk": 23, "fields": {"content_type": 11, "object_id": 16, "liked_num": 0}}, {"model": "likes.likecount", "pk": 24, "fields": {"content_type": 11, "object_id": 15, "liked_num": 0}}, {"model": "likes.likecount", "pk": 25, "fields": {"content_type": 11, "object_id": 23, "liked_num": 0}}, {"model": "likes.likecount", "pk": 26, "fields": {"content_type": 8, "object_id": 3, "liked_num": 0}}, {"model": "likes.likecount", "pk": 27, "fields": {"content_type": 8, "object_id": 2, "liked_num": 0}}, {"model": "likes.likecount", "pk": 28, "fields": {"content_type": 8, "object_id": 1, "liked_num": 0}}, {"model": "likes.likecount", "pk": 29, "fields": {"content_type": 11, "object_id": 22, "liked_num": 0}}, {"model": "auth.permission", "pk": 1, "fields": {"name": "Can add log entry", "content_type": 1, "codename": "add_logentry"}}, {"model": "auth.permission", "pk": 2, "fields": {"name": "Can change log entry", "content_type": 1, "codename": "change_logentry"}}, {"model": "auth.permission", "pk": 3, "fields": {"name": "Can delete log entry", "content_type": 1, "codename": "delete_logentry"}}, {"model": "auth.permission", "pk": 4, "fields": {"name": "Can view log entry", "content_type": 1, "codename": "view_logentry"}}, {"model": "auth.permission", "pk": 5, "fields": {"name": "Can add permission", "content_type": 2, "codename": "add_permission"}}, {"model": "auth.permission", "pk": 6, "fields": {"name": "Can change permission", "content_type": 2, "codename": "change_permission"}}, {"model": "auth.permission", "pk": 7, "fields": {"name": "Can delete permission", "content_type": 2, "codename": "delete_permission"}}, {"model": "auth.permission", "pk": 8, "fields": {"name": "Can view permission", "content_type": 2, "codename": "view_permission"}}, {"model": "auth.permission", "pk": 9, "fields": {"name": "Can add group", "content_type": 3, "codename": "add_group"}}, {"model": "auth.permission", "pk": 10, "fields": {"name": "Can change group", "content_type": 3, "codename": "change_group"}}, {"model": "auth.permission", "pk": 11, "fields": {"name": "Can delete group", "content_type": 3, "codename": "delete_group"}}, {"model": "auth.permission", "pk": 12, "fields": {"name": "Can view group", "content_type": 3, "codename": "view_group"}}, {"model": "auth.permission", "pk": 13, "fields": {"name": "Can add user", "content_type": 4, "codename": "add_user"}}, {"model": "auth.permission", "pk": 14, "fields": {"name": "Can change user", "content_type": 4, "codename": "change_user"}}, {"model": "auth.permission", "pk": 15, "fields": {"name": "Can delete user", "content_type": 4, "codename": "delete_user"}}, {"model": "auth.permission", "pk": 16, "fields": {"name": "Can view user", "content_type": 4, "codename": "view_user"}}, {"model": "auth.permission", "pk": 17, "fields": {"name": "Can add content type", "content_type": 5, "codename": "add_contenttype"}}, {"model": "auth.permission", "pk": 18, "fields": {"name": "Can change content type", "content_type": 5, "codename": "change_contenttype"}}, {"model": "auth.permission", "pk": 19, "fields": {"name": "Can delete content type", "content_type": 5, "codename": "delete_contenttype"}}, {"model": "auth.permission", "pk": 20, "fields": {"name": "Can view content type", "content_type": 5, "codename": "view_contenttype"}}, {"model": "auth.permission", "pk": 21, "fields": {"name": "Can add session", "content_type": 6, "codename": "add_session"}}, {"model": "auth.permission", "pk": 22, "fields": {"name": "Can change session", "content_type": 6, "codename": "change_session"}}, {"model": "auth.permission", "pk": 23, "fields": {"name": "Can delete session", "content_type": 6, "codename": "delete_session"}}, {"model": "auth.permission", "pk": 24, "fields": {"name": "Can view session", "content_type": 6, "codename": "view_session"}}, {"model": "auth.permission", "pk": 25, "fields": {"name": "Can add blog type", "content_type": 7, "codename": "add_blogtype"}}, {"model": "auth.permission", "pk": 26, "fields": {"name": "Can change blog type", "content_type": 7, "codename": "change_blogtype"}}, {"model": "auth.permission", "pk": 27, "fields": {"name": "Can delete blog type", "content_type": 7, "codename": "delete_blogtype"}}, {"model": "auth.permission", "pk": 28, "fields": {"name": "Can view blog type", "content_type": 7, "codename": "view_blogtype"}}, {"model": "auth.permission", "pk": 29, "fields": {"name": "Can add blog", "content_type": 8, "codename": "add_blog"}}, {"model": "auth.permission", "pk": 30, "fields": {"name": "Can change blog", "content_type": 8, "codename": "change_blog"}}, {"model": "auth.permission", "pk": 31, "fields": {"name": "Can delete blog", "content_type": 8, "codename": "delete_blog"}}, {"model": "auth.permission", "pk": 32, "fields": {"name": "Can view blog", "content_type": 8, "codename": "view_blog"}}, {"model": "auth.permission", "pk": 33, "fields": {"name": "Can add read num", "content_type": 9, "codename": "add_readnum"}}, {"model": "auth.permission", "pk": 34, "fields": {"name": "Can change read num", "content_type": 9, "codename": "change_readnum"}}, {"model": "auth.permission", "pk": 35, "fields": {"name": "Can delete read num", "content_type": 9, "codename": "delete_readnum"}}, {"model": "auth.permission", "pk": 36, "fields": {"name": "Can view read num", "content_type": 9, "codename": "view_readnum"}}, {"model": "auth.permission", "pk": 37, "fields": {"name": "Can add read detail", "content_type": 10, "codename": "add_readdetail"}}, {"model": "auth.permission", "pk": 38, "fields": {"name": "Can change read detail", "content_type": 10, "codename": "change_readdetail"}}, {"model": "auth.permission", "pk": 39, "fields": {"name": "Can delete read detail", "content_type": 10, "codename": "delete_readdetail"}}, {"model": "auth.permission", "pk": 40, "fields": {"name": "Can view read detail", "content_type": 10, "codename": "view_readdetail"}}, {"model": "auth.permission", "pk": 41, "fields": {"name": "Can add comment", "content_type": 11, "codename": "add_comment"}}, {"model": "auth.permission", "pk": 42, "fields": {"name": "Can change comment", "content_type": 11, "codename": "change_comment"}}, {"model": "auth.permission", "pk": 43, "fields": {"name": "Can delete comment", "content_type": 11, "codename": "delete_comment"}}, {"model": "auth.permission", "pk": 44, "fields": {"name": "Can view comment", "content_type": 11, "codename": "view_comment"}}, {"model": "auth.permission", "pk": 45, "fields": {"name": "Can add like count", "content_type": 12, "codename": "add_likecount"}}, {"model": "auth.permission", "pk": 46, "fields": {"name": "Can change like count", "content_type": 12, "codename": "change_likecount"}}, {"model": "auth.permission", "pk": 47, "fields": {"name": "Can delete like count", "content_type": 12, "codename": "delete_likecount"}}, {"model": "auth.permission", "pk": 48, "fields": {"name": "Can view like count", "content_type": 12, "codename": "view_likecount"}}, {"model": "auth.permission", "pk": 49, "fields": {"name": "Can add like recode", "content_type": 13, "codename": "add_likerecode"}}, {"model": "auth.permission", "pk": 50, "fields": {"name": "Can change like recode", "content_type": 13, "codename": "change_likerecode"}}, {"model": "auth.permission", "pk": 51, "fields": {"name": "Can delete like recode", "content_type": 13, "codename": "delete_likerecode"}}, {"model": "auth.permission", "pk": 52, "fields": {"name": "Can view like recode", "content_type": 13, "codename": "view_likerecode"}}, {"model": "auth.permission", "pk": 53, "fields": {"name": "Can add like record", "content_type": 13, "codename": "add_likerecord"}}, {"model": "auth.permission", "pk": 54, "fields": {"name": "Can change like record", "content_type": 13, "codename": "change_likerecord"}}, {"model": "auth.permission", "pk": 55, "fields": {"name": "Can delete like record", "content_type": 13, "codename": "delete_likerecord"}}, {"model": "auth.permission", "pk": 56, "fields": {"name": "Can view like record", "content_type": 13, "codename": "view_likerecord"}}, {"model": "auth.permission", "pk": 57, "fields": {"name": "Can add profile", "content_type": 14, "codename": "add_profile"}}, {"model": "auth.permission", "pk": 58, "fields": {"name": "Can change profile", "content_type": 14, "codename": "change_profile"}}, {"model": "auth.permission", "pk": 59, "fields": {"name": "Can delete profile", "content_type": 14, "codename": "delete_profile"}}, {"model": "auth.permission", "pk": 60, "fields": {"name": "Can view profile", "content_type": 14, "codename": "view_profile"}}, {"model": "auth.user", "pk": 1, "fields": {"password": "pbkdf2_sha256$180000$AIDoYEVLMyX1$74+bQyBW15y/UphwxSLDNw1nrfvN9DyC2Bjr0SPgXhM=", "last_login": "2020-05-26T08:48:47.080Z", "is_superuser": true, "username": "hjh", "first_name": "", "last_name": "", "email": "1012856826@qq.com", "is_staff": true, "is_active": true, "date_joined": "2020-05-14T08:25:00Z", "groups": [], "user_permissions": []}}, {"model": "auth.user", "pk": 2, "fields": {"password": "pbkdf2_sha256$180000$nLZ59iULHFtW$JQzsiPXqQGoTOQV98X21KhVXsLRVy43dvUEXhlY4/K4=", "last_login": "2020-05-18T07:49:19.554Z", "is_superuser": false, "username": "hjh1", "first_name": "", "last_name": "", "email": "1@666.com", "is_staff": false, "is_active": true, "date_joined": "2020-05-18T07:49:19.162Z", "groups": [], "user_permissions": []}}, {"model": "auth.user", "pk": 3, "fields": {"password": "pbkdf2_sha256$180000$yRH7iu1pzNah$IAtp+8FYxPubB0HBn+ICD0IHEf6ISKyhlyRhcih7Xj4=", "last_login": "2020-05-23T04:54:17.539Z", "is_superuser": false, "username": "hjh2", "first_name": "", "last_name": "", "email": "", "is_staff": false, "is_active": true, "date_joined": "2020-05-18T07:59:00Z", "groups": [], "user_permissions": []}}, {"model": "auth.user", "pk": 4, "fields": {"password": "pbkdf2_sha256$180000$soA2OO1z3Apn$iyk017SbuUdb3MvIL2mjOubclwLIUyB1AaCmZ1Us5UA=", "last_login": "2020-05-23T11:36:38.628Z", "is_superuser": false, "username": "Allen", "first_name": "", "last_name": "", "email": "allenzhishui@163.com", "is_staff": false, "is_active": true, "date_joined": "2020-05-23T11:26:50.810Z", "groups": [], "user_permissions": []}}, {"model": "blog.blog", "pk": 1, "fields": {"title": "one", "blog_type": 1, "content": "<p>ooo</p>", "author": 1, "created_time": "2020-05-14T08:26:54.263Z", "last_updated_time": "2020-05-14T08:26:54.263Z"}}, {"model": "blog.blog", "pk": 2, "fields": {"title": "two", "blog_type": 2, "content": "<p>two</p>", "author": 1, "created_time": "2020-05-14T08:27:04.965Z", "last_updated_time": "2020-05-14T08:27:04.965Z"}}, {"model": "blog.blog", "pk": 3, "fields": {"title": "three", "blog_type": 3, "content": "<p>aaaa</p>", "author": 1, "created_time": "2020-05-14T08:27:15.547Z", "last_updated_time": "2020-05-14T08:27:15.547Z"}}, {"model": "blog.blog", "pk": 4, "fields": {"title": "\u7b2c\u4e00\u7bc7\u535a\u5ba2", "blog_type": 1, "content": "<p>\u5f00\u59cb</p>", "author": 1, "created_time": "2020-05-14T08:27:35.231Z", "last_updated_time": "2020-05-14T08:27:35.231Z"}}, {"model": "blog.blog", "pk": 5, "fields": {"title": "\u7b2c\u4e8c\u7bc7\u535a\u5ba2", "blog_type": 1, "content": "<p>\u4ec0\u4e48\u610f\u601d</p>", "author": 1, "created_time": "2020-05-14T08:27:48.893Z", "last_updated_time": "2020-05-14T08:27:48.893Z"}}, {"model": "blog.blog", "pk": 6, "fields": {"title": "\u957f\u5185\u5bb9\u535a\u5ba2", "blog_type": 1, "content": "<p>\u4eb2\u4eb2\u4eb2\u4eb2\u4eb2\u4eb2\u4eb2\u4eb2\u4eb2\u4eb2\u4eb2\u4eb2\u4eb2\u4eb2\u4eb2\u4eb2\u4eb2\u4eb2\u4eb2\u4eb2\u4eb2\u4eb2\u4eb2\u4eb2\u4eb2\u4eb2\u4eb2\u4eb2\u4eb2\u4eb2\u4eb2\u4eb2\u4eb2\u4eb2\u4eb2\u4eb2\u4eb2\u4eb2\u4eb2\u4eb2\u4eb2\u4eb2\u4eb2\u4eb2\u4eb2\u4eb2\u4eb2\u4eb2\u4eb2\u4eb2\u4eb2\u4eb2\u4eb2\u4eb2\u4eb2\u4eb2\u4eb2\u4eb2\u4eb2\u4eb2\u4eb2\u4eb2\u4eb2\u4eb2\u4eb2\u4eb2\u4eb2\u4eb2\u4eb2\u4eb2\u4eb2\u4eb2\u4eb2\u4eb2\u4eb2\u4eb2\u4eb2\u4eb2\u4eb2\u4eb2\u4eb2\u4eb2\u4eb2\u4eb2\u4eb2\u4eb2\u4eb2\u4eb2\u4eb2\u4eb2\u4eb2\u4eb2\u4eb2\u4eb2\u4eb2\u4eb2\u4eb2\u4eb2\u4eb2\u4eb2\u4eb2\u4eb2\u4eb2\u4eb2\u4eb2\u4eb2\u4eb2\u4eb2\u4eb2\u4eb2\u4eb2\u4eb2\u4eb2\u4eb2\u4eb2\u4eb2\u4eb2\u4eb2\u4eb2\u4eb2\u4eb2\u4eb2\u4eb2\u4eb2\u4eb2\u4eb2\u4eb2\u4eb2\u4eb2\u4eb2\u4eb2\u4eb2\u4eb2\u4eb2\u4eb2\u4eb2\u4eb2\u4eb2\u4eb2\u4eb2\u4eb2\u4eb2\u4eb2\u4eb2\u4eb2\u4eb2\u4eb2\u4eb2\u4eb2\u4eb2\u4eb2\u4eb2\u4eb2\u4eb2\u4eb2\u4eb2\u4eb2\u4eb2\u4eb2\u4eb2\u4eb2\u4eb2\u4eb2\u4eb2\u4eb2\u4eb2\u4eb2\u4eb2\u4eb2\u4eb2\u4eb2\u4eb2\u4eb2\u4eb2\u4eb2\u4eb2\u4eb2\u4eb2\u4eb2\u4eb2\u4eb2\u4eb2\u4eb2\u4eb2\u4eb2\u4eb2\u4eb2\u4eb2\u4eb2\u4eb2\u4eb2\u4eb2\u4eb2\u4eb2\u4eb2\u4eb2\u4eb2\u4eb2\u4eb2\u4eb2\u4eb2\u4eb2\u4eb2\u4eb2\u4eb2\u4eb2\u4eb2\u4eb2\u4eb2\u4eb2\u4eb2\u4eb2\u4eb2\u4eb2\u4eb2\u4eb2\u4eb2\u4eb2\u4eb2\u4eb2\u4eb2\u4eb2\u4eb2\u4eb2\u4eb2\u4eb2\u4eb2\u4eb2\u4eb2\u4eb2\u4eb2\u4eb2\u4eb2\u4eb2\u4eb2\u4eb2\u4eb2\u4eb2\u4eb2\u4eb2\u4eb2\u4eb2\u4eb2\u4eb2\u4eb2\u4eb2\u4eb2\u4eb2\u4eb2\u4eb2\u4eb2\u4eb2\u4eb2\u4eb2\u4eb2\u4eb2\u4eb2\u4eb2\u4eb2\u4eb2\u4eb2\u4eb2\u4eb2\u4eb2\u4eb2\u4eb2\u4eb2\u4eb2\u4eb2\u4eb2\u4eb2\u4eb2\u4eb2\u4eb2\u4eb2\u4eb2\u4eb2\u4eb2\u4eb2\u4eb2\u4eb2\u4eb2\u4eb2\u4eb2\u4eb2\u4eb2\u4eb2\u4eb2\u4eb2\u4eb2\u4eb2\u4eb2\u4eb2\u4eb2\u4eb2\u4eb2\u4eb2\u4eb2\u4eb2\u4eb2\u4eb2\u4eb2\u4eb2\u4eb2\u4eb2\u4eb2\u4eb2\u4eb2\u4eb2\u4eb2\u4eb2\u4eb2\u4eb2\u4eb2\u4eb2\u4eb2\u4eb2\u4eb2\u4eb2\u4eb2\u4eb2\u4eb2\u4eb2\u4eb2\u4eb2\u4eb2\u4eb2\u4eb2\u4eb2\u4eb2\u4eb2\u4eb2\u4eb2\u4eb2\u4eb2\u4eb2\u4eb2\u4eb2\u4eb2\u4eb2\u4eb2\u4eb2\u4eb2\u4eb2\u4eb2\u4eb2\u4eb2\u4eb2\u4eb2\u4eb2\u4eb2\u4eb2\u4eb2\u4eb2\u4eb2\u4eb2\u4eb2\u4eb2\u4eb2\u4eb2\u4eb2\u4eb2\u4eb2\u4eb2\u4eb2\u4eb2\u4eb2\u4eb2\u4eb2\u4eb2\u4eb2\u4eb2\u4eb2\u4eb2\u4eb2\u4eb2\u4eb2\u4eb2\u4eb2\u4eb2\u4eb2\u4eb2\u4eb2\u4eb2\u4eb2\u4eb2\u4eb2\u4eb2\u4eb2\u4eb2\u4eb2\u4eb2\u4eb2\u4eb2\u4eb2\u4eb2\u4eb2\u4eb2\u4eb2\u4eb2\u4eb2\u4eb2\u4eb2\u4eb2\u4eb2\u4eb2\u4eb2\u4eb2\u4eb2\u4eb2\u4eb2\u4eb2\u4eb2\u4eb2\u4eb2\u4eb2\u4eb2\u4eb2\u4eb2\u4eb2\u4eb2\u4eb2\u4eb2\u4eb2\u4eb2\u4eb2\u4eb2\u4eb2\u4eb2\u4eb2\u4eb2\u4eb2\u4eb2\u4eb2\u4eb2\u4eb2\u4eb2\u4eb2\u4eb2\u4eb2\u4eb2\u4eb2\u4eb2\u4eb2\u4eb2\u4eb2\u4eb2\u4eb2\u4eb2\u4eb2\u4eb2\u4eb2\u4eb2\u4eb2\u4eb2\u4eb2\u4eb2\u4eb2\u4eb2\u4eb2\u4eb2\u4eb2\u4eb2\u4eb2\u4eb2\u4eb2\u4eb2\u4eb2\u4eb2\u4eb2\u4eb2\u4eb2\u4eb2\u4eb2\u4eb2\u4eb2\u4eb2\u4eb2\u4eb2\u4eb2\u4eb2\u4eb2\u4eb2\u4eb2\u4eb2\u4eb2\u4eb2\u4eb2\u4eb2\u4eb2\u4eb2\u4eb2\u4eb2\u4eb2\u4eb2\u4eb2\u4eb2\u4eb2\u4eb2\u4eb2\u4eb2\u4eb2\u4eb2\u4eb2\u4eb2\u4eb2\u4eb2\u4eb2\u4eb2\u4eb2\u4eb2\u4eb2\u4eb2\u4eb2\u4eb2\u4eb2\u4eb2\u4eb2\u4eb2\u4eb2\u4eb2\u4eb2\u4eb2\u4eb2\u4eb2\u4eb2\u4eb2\u4eb2\u4eb2\u4eb2\u4eb2\u4eb2\u4eb2\u4eb2\u4eb2\u4eb2\u4eb2\u4eb2\u4eb2\u4eb2\u4eb2\u4eb2\u4eb2\u4eb2\u4eb2\u4eb2\u4eb2\u4eb2\u4eb2\u4eb2\u4eb2\u4eb2\u4eb2\u4eb2\u4eb2\u4eb2\u4eb2\u4eb2\u4eb2\u4eb2\u4eb2\u4eb2\u4eb2\u4eb2\u4eb2\u4eb2\u4eb2\u4eb2\u4eb2\u4eb2\u4eb2\u4eb2\u4eb2\u4eb2\u4eb2\u4eb2\u4eb2\u4eb2\u4eb2\u4eb2\u4eb2\u4eb2\u4eb2\u4eb2\u4eb2\u4eb2\u4eb2\u4eb2\u4eb2\u4eb2\u4eb2\u4eb2\u4eb2\u4eb2\u4eb2\u4eb2\u4eb2\u4eb2\u4eb2\u4eb2\u4eb2\u4eb2\u4eb2\u4eb2\u4eb2\u4eb2\u4eb2\u4eb2\u4eb2\u4eb2\u4eb2\u4eb2\u4eb2\u4eb2\u4eb2\u4eb2\u4eb2\u4eb2\u4eb2\u4eb2\u4eb2\u4eb2\u4eb2\u4eb2\u4eb2\u4eb2\u4eb2\u4eb2\u4eb2\u4eb2\u4eb2\u4eb2\u4eb2\u4eb2\u4eb2\u4eb2\u4eb2\u4eb2\u4eb2\u4eb2</p>", "author": 1, "created_time": "2020-05-14T08:28:05.515Z", "last_updated_time": "2020-05-14T08:28:05.516Z"}}, {"model": "comment.comment", "pk": 1, "fields": {"content_type": 8, "object_id": 6, "text": "<p>\u4e0d\u9519</p>", "comment_time": "2020-05-14T08:28:38.164Z", "user": 1, "root": null, "parent": null, "reply_to": null}}, {"model": "comment.comment", "pk": 2, "fields": {"content_type": 8, "object_id": 6, "text": "<p>\u5f00\u73a9\u7b11</p>", "comment_time": "2020-05-14T08:28:43.492Z", "user": 1, "root": 1, "parent": 1, "reply_to": 1}}, {"model": "comment.comment", "pk": 3, "fields": {"content_type": 8, "object_id": 6, "text": "<p>bucuo</p>", "comment_time": "2020-05-14T13:55:51.678Z", "user": 1, "root": null, "parent": null, "reply_to": null}}, {"model": "comment.comment", "pk": 4, "fields": {"content_type": 8, "object_id": 6, "text": "<p>shima</p>\r\n\r\n<p>&nbsp;</p>", "comment_time": "2020-05-14T13:55:57.682Z", "user": 1, "root": 3, "parent": 3, "reply_to": 1}}, {"model": "comment.comment", "pk": 5, "fields": {"content_type": 8, "object_id": 6, "text": "<p>???</p>", "comment_time": "2020-05-14T13:57:07.648Z", "user": 1, "root": null, "parent": null, "reply_to": null}}, {"model": "comment.comment", "pk": 6, "fields": {"content_type": 8, "object_id": 6, "text": "<p>sdss</p>", "comment_time": "2020-05-14T14:06:49.719Z", "user": 1, "root": 5, "parent": 5, "reply_to": 1}}, {"model": "comment.comment", "pk": 7, "fields": {"content_type": 8, "object_id": 6, "text": "<p>sdss</p>", "comment_time": "2020-05-14T14:06:54.488Z", "user": 1, "root": 5, "parent": 5, "reply_to": 1}}, {"model": "comment.comment", "pk": 8, "fields": {"content_type": 8, "object_id": 6, "text": "<p>asd</p>", "comment_time": "2020-05-14T14:16:22.154Z", "user": 1, "root": 5, "parent": 5, "reply_to": 1}}, {"model": "comment.comment", "pk": 9, "fields": {"content_type": 8, "object_id": 6, "text": "<p>\u662f</p>", "comment_time": "2020-05-14T14:18:32.585Z", "user": 1, "root": null, "parent": null, "reply_to": null}}, {"model": "comment.comment", "pk": 10, "fields": {"content_type": 8, "object_id": 6, "text": "<p>\uff1f\uff1f\uff1f\uff1f</p>", "comment_time": "2020-05-14T14:18:40.891Z", "user": 1, "root": null, "parent": null, "reply_to": null}}, {"model": "comment.comment", "pk": 11, "fields": {"content_type": 8, "object_id": 6, "text": "<p>sad</p>", "comment_time": "2020-05-16T09:54:01.396Z", "user": 1, "root": 10, "parent": 10, "reply_to": 1}}, {"model": "comment.comment", "pk": 12, "fields": {"content_type": 8, "object_id": 6, "text": "<p>???</p>", "comment_time": "2020-05-17T04:53:53.700Z", "user": 1, "root": null, "parent": null, "reply_to": null}}, {"model": "comment.comment", "pk": 13, "fields": {"content_type": 8, "object_id": 6, "text": "<p>s&nbsp;</p>", "comment_time": "2020-05-17T04:54:09.010Z", "user": 1, "root": 12, "parent": 12, "reply_to": 1}}, {"model": "comment.comment", "pk": 14, "fields": {"content_type": 8, "object_id": 6, "text": "<p>***</p>", "comment_time": "2020-05-19T04:15:21.383Z", "user": 3, "root": 12, "parent": 12, "reply_to": 1}}, {"model": "comment.comment", "pk": 15, "fields": {"content_type": 8, "object_id": 6, "text": "<p>sfdsd</p>", "comment_time": "2020-05-24T03:28:37.186Z", "user": 1, "root": null, "parent": null, "reply_to": null}}, {"model": "comment.comment", "pk": 16, "fields": {"content_type": 8, "object_id": 6, "text": "<p>sfdsd</p>", "comment_time": "2020-05-24T03:28:49.201Z", "user": 1, "root": null, "parent": null, "reply_to": null}}, {"model": "comment.comment", "pk": 17, "fields": {"content_type": 8, "object_id": 5, "text": "<p>sdd</p>", "comment_time": "2020-05-24T03:29:02.600Z", "user": 1, "root": null, "parent": null, "reply_to": null}}, {"model": "comment.comment", "pk": 18, "fields": {"content_type": 8, "object_id": 5, "text": "<p>as</p>", "comment_time": "2020-05-24T03:30:15.740Z", "user": 1, "root": null, "parent": null, "reply_to": null}}, {"model": "comment.comment", "pk": 19, "fields": {"content_type": 8, "object_id": 5, "text": "<p>sd</p>", "comment_time": "2020-05-24T03:30:26.049Z", "user": 1, "root": 18, "parent": 18, "reply_to": 1}}, {"model": "comment.comment", "pk": 20, "fields": {"content_type": 8, "object_id": 5, "text": "<p>sd</p>", "comment_time": "2020-05-24T03:32:35.069Z", "user": 1, "root": 18, "parent": 18, "reply_to": 1}}, {"model": "comment.comment", "pk": 21, "fields": {"content_type": 8, "object_id": 5, "text": "<p>sd</p>", "comment_time": "2020-05-24T03:36:44.350Z", "user": 1, "root": 18, "parent": 18, "reply_to": 1}}, {"model": "comment.comment", "pk": 22, "fields": {"content_type": 8, "object_id": 4, "text": "<p>\u6d4b\u8bd5\u4e00\u4e0b</p>", "comment_time": "2020-05-24T03:38:59.404Z", "user": 1, "root": null, "parent": null, "reply_to": null}}, {"model": "comment.comment", "pk": 23, "fields": {"content_type": 8, "object_id": 5, "text": "<p>rrrrr</p>", "comment_time": "2020-05-24T07:39:30.029Z", "user": 1, "root": null, "parent": null, "reply_to": null}}, {"model": "comment.comment", "pk": 24, "fields": {"content_type": 8, "object_id": 4, "text": "<p>\u52a0\u7c97</p>", "comment_time": "2020-05-26T08:50:05.362Z", "user": 1, "root": null, "parent": null, "reply_to": null}}, {"model": "likes.likerecord", "pk": 1, "fields": {"content_type": 11, "object_id": 6, "user": 1, "liked_time": "2020-05-16T09:42:25.203Z"}}, {"model": "likes.likerecord", "pk": 2, "fields": {"content_type": 11, "object_id": 5, "user": 1, "liked_time": "2020-05-16T09:42:26.670Z"}}, {"model": "likes.likerecord", "pk": 14, "fields": {"content_type": 11, "object_id": 11, "user": 1, "liked_time": "2020-05-17T04:53:43.866Z"}}, {"model": "likes.likerecord", "pk": 15, "fields": {"content_type": 11, "object_id": 9, "user": 1, "liked_time": "2020-05-17T04:54:14.723Z"}}, {"model": "likes.likerecord", "pk": 18, "fields": {"content_type": 11, "object_id": 12, "user": 1, "liked_time": "2020-05-18T06:00:53.289Z"}}, {"model": "likes.likerecord", "pk": 19, "fields": {"content_type": 11, "object_id": 13, "user": 1, "liked_time": "2020-05-18T06:00:54.101Z"}}, {"model": "likes.likerecord", "pk": 23, "fields": {"content_type": 8, "object_id": 4, "user": 1, "liked_time": "2020-05-24T03:38:51.689Z"}}, {"model": "likes.likerecord", "pk": 27, "fields": {"content_type": 11, "object_id": 17, "user": 1, "liked_time": "2020-05-24T07:39:49.197Z"}}, {"model": "likes.likerecord", "pk": 28, "fields": {"content_type": 11, "object_id": 18, "user": 1, "liked_time": "2020-05-24T07:39:53.538Z"}}, {"model": "likes.likerecord", "pk": 34, "fields": {"content_type": 11, "object_id": 21, "user": 1, "liked_time": "2020-05-24T07:40:00.410Z"}}, {"model": "likes.likerecord", "pk": 36, "fields": {"content_type": 8, "object_id": 6, "user": 1, "liked_time": "2020-05-24T07:44:44.135Z"}}, {"model": "user.profile", "pk": 1, "fields": {"user": 1, "nickname": "\u97e9\u5bb6\u8f89"}}, {"model": "user.profile", "pk": 2, "fields": {"user": 2, "nickname": "\u97e9\u5bb6\u8f891"}}, {"model": "user.profile", "pk": 3, "fields": {"user": 3, "nickname": "\u97e9\u5bb6\u8f892"}}, {"model": "admin.logentry", "pk": 1, "fields": {"action_time": "2020-05-14T08:26:24.636Z", "user": 1, "content_type": 7, "object_id": "1", "object_repr": "Django", "action_flag": 1, "change_message": "[{\"added\": {}}]"}}, {"model": "admin.logentry", "pk": 2, "fields": {"action_time": "2020-05-14T08:26:33.179Z", "user": 1, "content_type": 7, "object_id": "2", "object_repr": "\u968f\u7b14", "action_flag": 1, "change_message": "[{\"added\": {}}]"}}, {"model": "admin.logentry", "pk": 3, "fields": {"action_time": "2020-05-14T08:26:36.158Z", "user": 1, "content_type": 7, "object_id": "3", "object_repr": "\u611f\u609f", "action_flag": 1, "change_message": "[{\"added\": {}}]"}}, {"model": "admin.logentry", "pk": 4, "fields": {"action_time": "2020-05-14T08:26:54.265Z", "user": 1, "content_type": 8, "object_id": "1", "object_repr": "<Blog: one>", "action_flag": 1, "change_message": "[{\"added\": {}}]"}}, {"model": "admin.logentry", "pk": 5, "fields": {"action_time": "2020-05-14T08:27:04.967Z", "user": 1, "content_type": 8, "object_id": "2", "object_repr": "<Blog: two>", "action_flag": 1, "change_message": "[{\"added\": {}}]"}}, {"model": "admin.logentry", "pk": 6, "fields": {"action_time": "2020-05-14T08:27:15.549Z", "user": 1, "content_type": 8, "object_id": "3", "object_repr": "<Blog: three>", "action_flag": 1, "change_message": "[{\"added\": {}}]"}}, {"model": "admin.logentry", "pk": 7, "fields": {"action_time": "2020-05-14T08:27:35.234Z", "user": 1, "content_type": 8, "object_id": "4", "object_repr": "<Blog: \u7b2c\u4e00\u7bc7\u535a\u5ba2>", "action_flag": 1, "change_message": "[{\"added\": {}}]"}}, {"model": "admin.logentry", "pk": 8, "fields": {"action_time": "2020-05-14T08:27:48.895Z", "user": 1, "content_type": 8, "object_id": "5", "object_repr": "<Blog: \u7b2c\u4e8c\u7bc7\u535a\u5ba2>", "action_flag": 1, "change_message": "[{\"added\": {}}]"}}, {"model": "admin.logentry", "pk": 9, "fields": {"action_time": "2020-05-14T08:28:05.517Z", "user": 1, "content_type": 8, "object_id": "6", "object_repr": "<Blog: \u957f\u5185\u5bb9\u535a\u5ba2>", "action_flag": 1, "change_message": "[{\"added\": {}}]"}}, {"model": "admin.logentry", "pk": 10, "fields": {"action_time": "2020-05-18T07:41:21.175Z", "user": 1, "content_type": 14, "object_id": "1", "object_repr": "<Profile: \u97e9\u5bb6\u8f89 for hjh>", "action_flag": 1, "change_message": "[{\"added\": {}}]"}}, {"model": "admin.logentry", "pk": 11, "fields": {"action_time": "2020-05-18T07:50:00.743Z", "user": 1, "content_type": 14, "object_id": "2", "object_repr": "<Profile: \u97e9\u5bb6\u8f891 for hjh1>", "action_flag": 1, "change_message": "[{\"added\": {}}]"}}, {"model": "admin.logentry", "pk": 12, "fields": {"action_time": "2020-05-19T06:18:02.592Z", "user": 1, "content_type": 4, "object_id": "3", "object_repr": "hjh2", "action_flag": 2, "change_message": "[{\"changed\": {\"fields\": [\"Email address\", \"Last login\"]}}]"}}, {"model": "admin.logentry", "pk": 13, "fields": {"action_time": "2020-05-23T06:02:10.542Z", "user": 1, "content_type": 4, "object_id": "1", "object_repr": "hjh", "action_flag": 2, "change_message": "[{\"changed\": {\"fields\": [\"Email address\", \"Last login\"]}}]"}}, {"model": "admin.logentry", "pk": 14, "fields": {"action_time": "2020-05-23T06:03:11.529Z", "user": 1, "content_type": 4, "object_id": "1", "object_repr": "hjh", "action_flag": 2, "change_message": "[{\"changed\": {\"fields\": [\"Email address\", \"Last login\"]}}]"}}, {"model": "admin.logentry", "pk": 15, "fields": {"action_time": "2020-05-24T07:38:40.070Z", "user": 1, "content_type": 4, "object_id": "1", "object_repr": "hjh", "action_flag": 2, "change_message": "[{\"changed\": {\"fields\": [\"Email address\", \"Last login\"]}}]"}}]